institution,country
Harvard University,United States of America
Massachusetts Institute of Technology,United States of America
Stanford University,United States of America
University of Cambridge,United Kingdom
California Institute of Technology,United States of America
Princeton University,United States of America
University of Oxford,United Kingdom
Yale University,United States of America
Columbia University,United States of America
"University of California, Berkeley",United States of America
University of Chicago,United States of America
Cornell University,United States of America
University of Pennsylvania,United States of America
University of Tokyo,Japan
Johns Hopkins University,United States of America
Swiss Federal Institute of Technology in Zurich,Switzerland
Kyoto University,Japan
Weizmann Institute of Science,Israel
"University of California, Los Angeles",United States of America
"University of California, San Diego",United States of America
Rockefeller University,United States of America
Hebrew University of Jerusalem,Israel
New York University,United States of America
"University of California, San Francisco",United States of America
University of Wisconsin–Madison,United States of America
University of Illinois at Urbana–Champaign,United States of America
Duke University,United States of America
Imperial College London,United Kingdom
University of Texas Southwestern Medical Center,United States of America
University of Texas at Austin,United States of America
University College London,United Kingdom
Osaka University,Japan
Northwestern University,United States of America
"University of Michigan, Ann Arbor",United States of America
University of Toronto,Canada
University of North Carolina at Chapel Hill,United States of America
Washington University in St. Louis,United States of America
University of Utah,United States of America
University of Washington - Seattle,United States of America
"University of California, Santa Barbara",United States of America
McGill University,Canada
"Purdue University, West Lafayette",United States of America
Carnegie Mellon University,United States of America
University of Southern California,United States of America
"University of California, Davis",United States of America
University of Colorado Boulder,United States of America
"University of California, Irvine",United States of America
University of Paris-Sud,France
"University of Minnesota, Twin Cities",United States of America
University of Arizona,United States of America
Technion – Israel Institute of Technology,Israel
"Ohio State University, Columbus",United States of America
University of Rochester,United States of America
École normale supérieure - Paris,France
University of Florida,United States of America
Tel Aviv University,Israel
Rice University,United States of America
Dartmouth College,United States of America
Vanderbilt University,United States of America
University of Edinburgh,United Kingdom
École Polytechnique,France
Boston University,United States of America
Pierre-and-Marie-Curie University,France
"Pennsylvania State University, University Park",United States of America
University of Geneva,Switzerland
Brown University,United States of America
University of British Columbia,Canada
"University of Maryland, College Park",United States of America
Swiss Federal Institute of Technology in Lausanne,Switzerland
Karolinska Institute,Sweden
University of Pittsburgh - Pittsburgh Campus,United States of America
Rutgers University-New Brunswick,United States of America
"Texas A&M University, College Station",United States of America
Nagoya University,Japan
Seoul National University,South Korea
University of Manchester,United Kingdom
Sapienza University of Rome,Italy
Case Western Reserve University,United States of America
Tohoku University,Japan
Arizona State University,United States of America
Emory University,United States of America
Ruprecht Karl University of Heidelberg,Germany
Ludwig Maximilian University of Munich,Germany
University of Virginia,United States of America
Leiden University,Netherlands
Tufts University,United States of America
Georgia Institute of Technology,United States of America
University of Zurich,Switzerland
University of Helsinki,Finland
Technical University of Munich,Germany
University of Oslo,Norway
University of Queensland,Australia
University of Copenhagen,Denmark
University of Sydney,Australia
Williams College,United States of America
University of Texas MD Anderson Cancer Center,United States of America
University of Nottingham,United Kingdom
University of Bristol,United Kingdom
Utrecht University,Netherlands
Mines ParisTech,France
Keio University,Japan
King's College London,United Kingdom
Indiana University - Bloomington,United States of America
National University of Singapore,Singapore
Stony Brook University,United States of America
Lomonosov Moscow State University,Russia
Australian National University,Australia
University of Alberta,Canada
Paris Diderot University - Paris 7,France
Waseda University,Japan
Peking University,China
University of Notre Dame,United States of America
National Taiwan University,Taiwan
Tsinghua University,China
Kyushu University,Japan
Katholieke Universiteit Leuven,Belgium
Tokyo Institute of Technology,Japan
University of Melbourne,Australia
University of Bonn,Germany
Royal Institute of Technology,Sweden
Erasmus University Rotterdam,Netherlands
Yonsei University,South Korea
Michigan State University,United States of America
University of the Witwatersrand,South Africa
Lund University,Sweden
Georgetown University,United States of America
Aarhus University,Denmark
University of Barcelona,Spain
Baylor College of Medicine,United States of America
University of Amsterdam,Netherlands
Uppsala University,Sweden
University of Iowa,United States of America
University of Groningen,Netherlands
Korea Advanced Institute of Science and Technology (KAIST),South Korea
Radboud University Nijmegen,Netherlands
Korea University,South Korea
University of São Paulo,Brazil
University of Colorado Denver,United States of America
University of Montreal,Canada
Albert Ludwig University of Freiburg,Germany
Ghent University,Belgium
University of Glasgow,United Kingdom
University of Miami,United States of America
Université libre de Bruxelles,Belgium
McMaster University,Canada
University of Birmingham,United Kingdom
University of Texas at Dallas,United States of America
VU University Amsterdam,Netherlands
Wake Forest University,United States of America
University of Southampton,United Kingdom
Nanyang Technological University,Singapore
University of New South Wales,Australia
Osaka City University,Japan
University of Leeds,United Kingdom
Western University (The University of Western Ontario),Canada
Kobe University,Japan
University of Basel,Switzerland
University of Hong Kong,Hong Kong
Indiana University-Purdue University Indianapolis,United States of America
Humboldt University of Berlin,Germany
Free University of Berlin,Germany
University of Tübingen,Germany
Goethe University Frankfurt,Germany
University of Houston,United States of America
"University of California, Santa Cruz",United States of America
University of Alabama at Birmingham,United States of America
Icahn School of Medicine at Mount Sinai,United States of America
University of Calgary,Canada
University of Gothenburg,Sweden
University of Göttingen,Germany
Monash University,Australia
Southern Methodist University,United States of America
Yeshiva University,United States of America
University of South Florida - Tampa,United States of America
Hanyang University,South Korea
Oregon Health & Science University,United States of America
University of Strasbourg,France
University of Cincinnati,United States of America
University of Sheffield,United Kingdom
University of Hamburg,Germany
George Washington University,United States of America
University of Milan,Italy
Iowa State University,United States of America
"University of Maryland, Baltimore",United States of America
University of Padua,Italy
University of New Mexico,United States of America
Pohang University of Science and Technology,South Korea
Stockholm University,Sweden
Hokkaido University,Japan
Fudan University,China
University of Sussex,United Kingdom
Université catholique de Louvain,Belgium
Wayne State University,United States of America
University of Massachusetts Medical School,United States of America
University of Lausanne,Switzerland
Shanghai Jiao Tong University,China
University of Missouri–Columbia,United States of America
Technical University of Denmark,Denmark
Complutense University of Madrid,Spain
University of Cologne,Germany
"Trinity College, Dublin",Ireland
University of Bern,Switzerland
Chinese University of Hong Kong,Hong Kong
University of Kansas,United States of America
Sungkyunkwan University,South Korea
University of Vienna,Austria
Zhejiang University,China
University of Georgia,United States of America
University of Massachusetts Amherst,United States of America
Cardiff University,United Kingdom
University of Münster,Germany
University of Liverpool,United Kingdom
University of Ottawa,Canada
University of Erlangen-Nuremberg,Germany
Queen Mary University of London,United Kingdom
Karlsruhe Institute of Technology,Germany
Louisiana State University - Baton Rouge,United States of America
Nanjing University,China
University of Illinois at Chicago,United States of America
University of Bologna,Italy
University of Manitoba,Canada
Joseph Fourier University,France
"University of California, Riverside",United States of America
Julius-Maximilian's University of Würzburg,Germany
Aix-Marseille University,France
University of Western Australia,Australia
Laval University,Canada
"University of Tennessee, Knoxville",United States of America
North Carolina State University,United States of America
Newcastle University,United Kingdom
Claude Bernard University Lyon 1,France
University of Turin,Italy
University of Kiel,Germany
University of Connecticut,United States of America
Tulane University,United States of America
University of Oklahoma - Norman Campus,United States of America
Brandeis University,United States of America
Dresden University of Technology,Germany
RWTH Aachen University,Germany
University of Texas Health Science Center at San Antonio,United States of America
Virginia Commonwealth University,United States of America
University of Montpellier 2,France
Dalian University of Technology,China
Rensselaer Polytechnic Institute,United States of America
Paul Sabatier University - Toulouse III,France
Paris Descartes University,France
National Cheng Kung University,Taiwan
University of Delaware,United States of America
Vrije Universiteit Brussel,Belgium
Johannes Gutenberg University of Mainz,Germany
Maastricht University,Netherlands
University of Düsseldorf,Germany
University of Dundee,United Kingdom
University of Tsukuba,Japan
Autonomous University of Barcelona,Spain
Florida State University,United States of America
University of Texas at San Antonio,United States of America
London School of Hygiene & Tropical Medicine,United Kingdom
Lehigh University,United States of America
University of Kentucky,United States of America
Thomas Jefferson University,United States of America
Drexel University,United States of America
Colorado State University - Fort Collins,United States of America
University of Leicester,United Kingdom
Durham University,United Kingdom
Oregon State University,United States of America
University of Florence,Italy
University of Cape Town,South Africa
"University at Buffalo, The State University of New York",United States of America
University College Dublin,Ireland
University of Science and Technology of China,China
Virginia Polytechnic Institute and State University,United States of America
University of Naples Federico II,Italy
University of Auckland,New Zealand
University of Texas Health Science Center at Houston,United States of America
Delft University of Technology,Netherlands
University of Aberdeen,United Kingdom
Queen's University,Canada
University of Lisbon,Portugal
Hiroshima University,Japan
University of Waterloo,Canada
Okayama University,Japan
University of Ulm,Germany
Chulalongkorn University,Thailand
Dalhousie University,Canada
Saint Petersburg State University,Russia
Norwegian University of Science and Technology,Norway
University of Reading,United Kingdom
Wageningen University and Research Centre,Netherlands
Umeå University,Sweden
University of Porto,Portugal
Hong Kong University of Science and Technology,Hong Kong
Sun Yat-sen University,China
Medical College of Wisconsin,United States of America
City College of New York,United States of America
Hannover Medical School,Germany
"Washington State University, Pullman",United States of America
Technical University of Berlin,Germany
University of South Carolina - Columbia,United States of America
Leipzig University,Germany
University of Stuttgart,Germany
University of Valencia,Spain
Linköping University,Sweden
University of Duisburg-Essen,Germany
Ruhr University Bochum,Germany
University of Bergen,Norway
London School of Economics,United Kingdom
Wesleyan University,United States of America
University of Pisa,Italy
Autonomous University of Madrid,Spain
Medical University of Vienna,Austria
Stellenbosch University,South Africa
Medical University of South Carolina,United States of America
Charles University in Prague,Czech Republic
Kyungpook National University,South Korea
"University of Science, Malaysia",Malaysia
University of Liège,Belgium
University of Hull,United Kingdom
Northeastern University,United States of America
Kansas State University,United States of America
University of Vermont,United States of America
Rush University,United States of America
University of Louisville,United States of America
University of St Andrews,United Kingdom
University of Warwick,United Kingdom
University of Rome Tor Vergata,Italy
University of Innsbruck,Austria
Darmstadt University of Technology,Germany
Indian Institute of Technology Delhi,India
Federal University of Rio de Janeiro,Brazil
University of Antwerp,Belgium
National and Kapodistrian University of Athens,Greece
Boston College,United States of America
Vita-Salute San Raffaele University,Italy
Gwangju Institute of Science and Technology,South Korea
University of Nebraska–Lincoln,United States of America
University of York,United Kingdom
National Autonomous University of Mexico,Mexico
University of Regensburg,Germany
Yokohama National University,Japan
University of Adelaide,Australia
University of Genoa,Italy
Queen's University Belfast,United Kingdom
University of Marburg,Germany
University of Pavia,Italy
"St George's, University of London",United Kingdom
University of Oregon,United States of America
University of Navarra,Spain
San Diego State University,United States of America
Nankai University,China
University of East Anglia,United Kingdom
University of Nebraska Medical Center,United States of America
University of Southern Denmark,Denmark
Eindhoven University of Technology,Netherlands
Xiamen University,China
University of Otago,New Zealand
University of Santiago de Compostela,Spain
University of Exeter,United Kingdom
University of Jena,Germany
University of Perugia,Italy
Justus Liebig University Giessen,Germany
College of William and Mary,United States of America
Ben-Gurion University of the Negev,Israel
Saint Louis University,United States of America
Colorado School of Mines,United States of America
Oklahoma State University–Stillwater,United States of America
University of Guelph,Canada
University of Trieste,Italy
University of Verona,Italy
"University at Albany, SUNY",United States of America
Tongji University,China
Eötvös Loránd University,Hungary
University of Alabama - Tuscaloosa,United States of America
University of Eastern Finland,Finland
Ewha Womans University,South Korea
City University of Hong Kong,Hong Kong
Tokyo Medical and Dental University,Japan
University of Victoria,Canada
University of Buenos Aires,Argentina
University of Texas Medical Branch at Galveston,United States of America
Kyung Hee University,South Korea
Hong Kong Polytechnic University,Hong Kong
Saarland University,Germany
Scuola Normale Superiore di Pisa,Italy
University of Seville,Spain
Beijing Normal University,China
Chiba University,Japan
University of Ferrara,Italy
University of Bari Aldo Moro,Italy
Polytechnic University of Milan,Italy
Temple University,United States of America
University of Turku,Finland
Aalto University,Finland
Simon Fraser University,Canada
Tianjin University,China
Chalmers University of Technology,Sweden
Middle East Technical University,Turkey
Cranfield University,United Kingdom
York University,Canada
Xi'an Jiaotong University,China
Chonnam National University,South Korea
University of Central Florida,United States of America
University of Lorraine,France
University of Bordeaux II,France
University of New Hampshire,United States of America
Versailles Saint-Quentin-en-Yvelines University,France
Chonbuk National University,South Korea
Kumamoto University,Japan
Huazhong University of Science and Technology,China
Brunel University,United Kingdom
Polytechnic University of Catalonia,Spain
National Chiao Tung University,Taiwan
Southeast University,China
Tokyo University of Science,Japan
Catholic University of the Sacred Heart,Italy
Brigham Young University,United States of America
Technical University of Madrid,Spain
Nagasaki University,Japan
National Tsing Hua University,Taiwan
University of Warsaw,Poland
King Saud University,Saudi Arabia
University of Bath,United Kingdom
Concordia University,Canada
Georgia Regents University,United States of America
Niigata University,Japan
University of Oulu,Finland
Pompeu Fabra University,Spain
Vienna University of Technology,Austria
Sogang University,South Korea
Gyeongsang National University,South Korea
University of Tampere,Finland
University of Milan - Bicocca,Italy
University of Bordeaux I,France
Swedish University of Agricultural Sciences,Sweden
George Mason University,United States of America
Jilin University,China
University of Delhi,India
University of Campinas,Brazil
Wuhan University,China
West Virginia University,United States of America
Pusan National University,South Korea
University of Mississippi - Oxford Campus,United States of America
University of Arkansas for Medical Sciences,United States of America
Miami University,United States of America
University of Tokushima,Japan
University of Twente,Netherlands
Loyola University Chicago,United States of America
Ajou University,South Korea
Syracuse University,United States of America
Lancaster University,United Kingdom
Pontifical Catholic University of Chile,Chile
University of Chile,Chile
Innsbruck Medical University,Austria
University of Granada,Spain
Kanazawa University,Japan
University of Parma,Italy
University of Siena,Italy
Shandong University,China
Technical University of Dortmund,Germany
University of KwaZulu-Natal,South Africa
"University of Nevada, Reno",United States of America
Yokohama City University,Japan
École normale supérieure de Lyon,France
University College Cork,Ireland
Ohio University,United States of America
Central South University,China
University of Modena and Reggio Emilia,Italy
New Mexico State University,United States of America
University of Konstanz,Germany
University of Hawaii at Manoa,United States of America
University of Nebraska Omaha,United States of America
Shinshu University,Japan
University of Strathclyde,United Kingdom
Baylor University,United States of America
Polytechnic University of Valencia,Spain
Harbin Institute of Technology,China
University of Rennes 1,France
University of Arkansas - Fayetteville,United States of America
Aristotle University of Thessaloniki,Greece
Jagiellonian University,Poland
Texas Tech University (TTU),United States of America
University of Rostock,Germany
University of Akron,United States of America
University of Saskatchewan,Canada
Juntendo University,Japan
University of Wyoming,United States of America
Macquarie University,Australia
University of Canterbury,New Zealand
University of Denver,United States of America
Illinois Institute of Technology,United States of America
Creighton University,United States of America
Bielefeld University,Germany
University of Malaya,Malaysia
University of Ulsan,South Korea
City University London,United Kingdom
Grenoble Institute of Technology,France
Federal University of Minas Gerais,Brazil
University of Hanover,Germany
South China University of Technology,China
University of Surrey,United Kingdom
Otto-von-Guericke University Magdeburg,Germany
Indian Institute of Science,India
Tokyo Metropolitan University,Japan
Bar-Ilan University,Israel
Mississippi State University,United States of America
"University of Maryland, Baltimore County",United States of America
University of Wollongong,Australia
Flinders University,Australia
Martin Luther University of Halle-Wittenberg,Germany
Graduate University for Advanced Studies,Japan
Clemson University,United States of America
University of Brescia,Italy
Georgia State University,United States of America
Dongguk University,South Korea
University of Fribourg,Switzerland
Sichuan University,China
University of Iceland,Iceland
University of Sherbrooke,Canada
University of Graz,Austria
University of Málaga,Spain
University of Zaragoza,Spain
New York Medical College,United States of America
SUNY Downstate Medical Center,United States of America
École Centrale Paris,France
Utah State University,United States of America
University of Ljubljana,Slovenia
University of Montpellier 1,France
Victoria University of Wellington,New Zealand
East China University of Science and Technology,China
Konkuk University,South Korea
University of Potsdam,Germany
University of the Basque Country,Spain
University of Nice Sophia Antipolis,France
University of Udine,Italy
National Yang-Ming University,Taiwan
Indian Institute of Technology Bombay,India
University of Bayreuth,Germany
University of Wisconsin–Milwaukee,United States of America
University of Dayton,United States of America
Nihon University,Japan
Montana State University - Bozeman,United States of America
"Royal Holloway, University of London",United Kingdom
Tokyo Women's Medical University,Japan
Panjab University,India
Tampere University of Technology,Finland
University of Coimbra,Portugal
University of Newcastle,Australia
Nara Institute of Science and Technology,Japan
Auburn University,United States of America
University of Bremen,Germany
Mahidol University,Thailand
University of Crete,Greece
Bangor University,United Kingdom
University of Aveiro,Portugal
University of Palermo,Italy
Nagoya City University,Japan
University of Tartu,Estonia
University of Savoy,France
University of Tromsø - The Arctic University of Norway,Norway
University of Missouri–Kansas City,United States of America
Beihang University,China
American University of Beirut,Lebanon
University of Nantes,France
University of Essex,United Kingdom
University of Zagreb,Croatia
National Central University,Taiwan
University Lille 1: Sciences and Technologies,France
University of Catania,Italy
National Polytechnic Institute of Toulouse,France
Indian Institute of Technology Kanpur,India
Kagoshima University,Japan
Lanzhou University,China
James Cook University,Australia
Shizuoka University,Japan
Indian Institute of Technology Kharagpur,India
Second University of Naples,Italy
Indian Institute of Technology Madras,India
Plymouth University,United Kingdom
International School for Advanced Studies,Italy
Polytechnic University of Turin,Italy
University of Oviedo,Spain
Ehime University,Japan
University of Ioannina,Greece
University of Cagliari,Italy
Tottori University,Japan
Federal University of Rio Grande do Sul,Brazil
Kent State University,United States of America
University of Los Andes (Colombia),Colombia
Hunan University,China
Tokai University,Japan
LSU Health Sciences Center New Orleans,United States of America
Southern Illinois University Carbondale,United States of America
Tata Institute of Fundamental Research,India
Aalborg University,Denmark
Osaka Prefecture University,Japan
Chang Gung University,Taiwan
Northern Illinois University,United States of America
University of Trento,Italy
Semmelweis University,Hungary
University of Science and Technology Beijing,China
"National University of Ireland, Galway",Ireland
Dankook University,South Korea
Istanbul University,Turkey
Tokyo University of Agriculture and Technology,Japan
University of Montana - Missoula,United States of America
Queensland University of Technology,Australia
Binghamton University,United States of America
Université de Namur,Belgium
University of Tasmania,Australia
University of Pretoria,South Africa
Central China Normal University,China
Indian Institute of Technology Roorkee,India
Curtin University,Australia
Deakin University,Australia
Tilburg University,Netherlands
Inha University,South Korea
University of New Orleans,United States of America
Paris-Est Créteil Val-de-Marne University,France
University of L'Aquila,Italy
Chungnam National University,South Korea
University of Salamanca,Spain
University of Alaska Fairbanks,United States of America
University of Poitiers,France
Albany Medical College,United States of America
"Birkbeck, University of London",United Kingdom
Griffith University,Australia
Federal University of São Paulo,Brazil
Carleton University,Canada
Massey University,New Zealand
Catholic University of Korea,South Korea
Open University (UK),United Kingdom
University of Patras,Greece
Universidade Nova de Lisboa,Portugal
Texas A&M Health Science Center,United States of America
Braunschweig University of Technology,Germany
National Chung Hsing University,Taiwan
La Trobe University,Australia
Missouri University of Science and Technology,United States of America
University of Idaho,United States of America
Louisiana Tech University,United States of America
University of Portsmouth,United Kingdom
University of La Laguna,Spain
Florida International University,United States of America
Medical University of Graz,Austria
Howard University,United States of America
University of Hertfordshire,United Kingdom
State University of New York Upstate Medical University,United States of America
Royal College of Surgeons in Ireland,Ireland
National Technical University of Athens,Greece
University of Windsor,Canada
Rovira i Virgili University,Spain
University of Burgundy,France
Gunma University,Japan
AGH University of Science and Technology,Poland
Gifu University,Japan
Hacettepe University,Turkey
Örebro University,Sweden
Memorial University of Newfoundland,Canada
Kindai University,Japan
University of Rhode Island,United States of America
University of Alicante,Spain
New Jersey Institute of Technology,United States of America
Lille 2 University of Health and Law,France
Keele University,United Kingdom
University of Jyväskylä,Finland
Rochester Institute of Technology,United States of America
Sapporo Medical University,Japan
Banaras Hindu University,India
King Abdullah University of Science and Technology,Saudi Arabia
Northeast Normal University,China
Portland State University,United States of America
University of Québec at Montreal,Canada
East China Normal University,China
University of Debrecen,Hungary
Loma Linda University,United States of America
Old Dominion University,United States of America
University of Insubria,Italy
"University of Nevada, Las Vegas",United States of America
Hong Kong Baptist University,Hong Kong
University of Minho,Portugal
University of Messina,Italy
University of Texas at Arlington,United States of America
"University François Rabelais, Tours",France
"UNESP, São Paulo State University",Brazil
Toho University,Japan
Beijing University of Chemical Technology,China
"Rutgers, The State University of New Jersey - Newark",United States of America
Johannes Kepler University of Linz,Austria
Warsaw University of Technology,Poland
University of Paris 13,France
University of Toyama,Japan
University of Toledo,United States of America
University of Vigo,Spain
University of Kent,United Kingdom
Jichi Medical University,Japan
Roma Tre University,Italy
Chung Yuan Christian University,Taiwan
University of Haifa,Israel
Åbo Akademi University,Finland
Swansea University,United Kingdom
China Agricultural University,China
Marche Polytechnic University,Italy
"University of Maine, Orono",United States of America
Heriot-Watt University,United Kingdom
Marquette University,United States of America
Loughborough University,United Kingdom
Kaiserslautern University of Technology,Germany
Aston University,United Kingdom
University of Girona,Spain
Hasselt University,Belgium
Nanjing University of Science and Technology,China
"University of Natural Resources and Life Sciences, Vienna",Austria
University of Szeged,Hungary
Soochow University (Suzhou),China
University of the Balearic Islands,Spain
Fuzhou University,China
University of Memphis,United States of America
San Francisco State University,United States of America
East Carolina University,United States of America
University of Augsburg,Germany
University of Missouri–St. Louis,United States of America
Kyoto Prefectural University of Medicine,Japan
Shanghai University,China
University of South Australia,Australia
Liverpool John Moores University,United Kingdom
Graz University of Technology,Austria
Kitasato University,Japan
University of North Carolina at Charlotte,United States of America
"G. d'Annunzio University, Chieti-Pescara",Italy
University of Cantabria,Spain
Miguel Hernández University of Elche,Spain
Donghua University,China
Comenius University in Bratislava,Slovak Republic
University of Alabama in Huntsville,United States of America
Mie University,Japan
University of Stirling,United Kingdom
Hunter College,United States of America
Swinburne University of Technology,Australia
University of Ulster,United Kingdom
University of Évry Val d'Essonne,France
University of Salerno,Italy
National University of La Plata,Argentina
Masaryk University,Czech Republic
Yamaguchi University,Japan
University of Yamanashi,Japan
Showa University,Japan
North Dakota State University - Main Campus,United States of America
"University of North Texas, Denton",United States of America
University of Mississippi Medical Center,United States of America
University of Tehran,Iran
"Paul Valéry University, Montpellier III",France
Wuhan University of Technology,China
University of Hyogo,Japan
The Catholic University of America,United States of America
University of Neuchâtel,Switzerland
National Polytechnic Institute,Mexico
Jikei University School of Medicine,Japan
University of Valladolid,Spain
University of Calabria,Italy
University of Lübeck,Germany
Kurume University,Japan
Peking Union Medical College,China
Yamagata University,Japan
University of Córdoba (Spain),Spain
University of Mons,Belgium
Saga University,Japan
Clarkson University,United States of America
University of South Alabama,United States of America
Inje University,South Korea
University of Caen Lower Normandy,France
University of Castilla–La Mancha,Spain
Czech Technical University in Prague,Czech Republic
Saitama Medical University,Japan
Istanbul Technical University,Turkey
Kaohsiung Medical University,Taiwan
University of Electro-Communications,Japan
Yeungnam University,South Korea
Jawaharlal Nehru Centre for Advanced Scientific Research,India
"Putra University, Malaysia",Malaysia
Institut national des sciences Appliquées de Lyon,France
University of Perpignan Via Domitia,France
University of Miyazaki,Japan
Second Military Medical University,China
Northern Arizona University,United States of America
École Polytechnique de Montréal,Canada
University of Salento,Italy
Fukuoka University,Japan
Nagoya Institute of Technology,Japan
Ankara University,Turkey
Blaise Pascal University,France
University of Electronic Science and Technology of China,China
National Sun Yat-sen University,Taiwan
University of Rouen,France
Bowling Green State University,United States of America
Norwegian University of Life Sciences,Norway
University of Picardie Jules Verne,France
Michigan Technological University,United States of America
University of Concepción,Chile
China Medical University (Taiwan),Taiwan
University of Hohenheim,Germany
Aberystwyth University,United Kingdom
Wilfrid Laurier University,Canada
Cairo University,Egypt
University of Murcia,Spain
"Palacký University, Olomouc",Czech Republic
Taipei Medical University,Taiwan
University of Bradford,United Kingdom
King Fahd University of Petroleum and Minerals,Saudi Arabia
Ege University,Turkey
University of Belgrade,Serbia
"University of Eastern Piedmont Amedeo Avogadro""""",Italy
Budapest University of Technology and Economics,Hungary
University of Salzburg,Austria
University of Massachusetts Lowell,United States of America
Jaume I University,Spain
Chongqing University,China
Beijing Institute of Technology,China
Manchester Metropolitan University,United Kingdom
Zhengzhou University,China
Dublin City University,Ireland
"National University of Ireland, Maynooth",Ireland
Kangwon National University,South Korea
"Royal Veterinary College, University of London",United Kingdom
Wright State University - Dayton,United States of America
Capital Medical University,China
University of Brighton,United Kingdom
Sofia University,Bulgaria
University of Regina,Canada
Magna Græcia University of Catanzaro,Italy
Chungbuk National University,South Korea
Kōchi University,Japan
University of New Brunswick,Canada
Sejong University,South Korea
Sharif University of Technology,Iran
Chung-Ang University,South Korea
"Queens College, City University of New York",United States of America
Murdoch University,Australia
Chosun University,South Korea
Vilnius University,Lithuania
University of Maribor,Slovenia
Ritsumeikan University,Japan
University of Sassari,Italy
Nanjing Normal University,China
University of Franche-Comté,France
University of Texas at El Paso,United States of America
Rio de Janeiro State University,Brazil
Jinan University,China
University of Massachusetts Boston,United States of America
University of Alcalá,Spain
Tehran University of Medical Sciences,Iran
University of the Ryukyus,Japan
University of Angers,France
Fluminense Federal University,Brazil
Florida Institute of Technology,United States of America
Trent University,Canada
National Chung Cheng University,Taiwan
Bilkent University,Turkey
National Taiwan Normal University,Taiwan
Saitama University,Japan
RMIT University,Australia
Hamamatsu University School of Medicine,Japan
University of Greifswald,Germany
University of Pécs,Hungary
University of Fukui,Japan
Oakland University,United States of America
Nanjing University of Technology,China
"University of Technology, Sydney",Australia
University of North Carolina at Greensboro,United States of America
"All India Institute of Medical Sciences, New Delhi",India
Kyoto Institute of Technology,Japan
Ocean University of China,China
Chiang Mai University,Thailand
University of Camerino,Italy
Hirosaki University,Japan
University of North Dakota,United States of America
University of Extremadura,Spain
Teikyo University,Japan
Jiangnan University,China
Adam Mickiewicz University in Poznań,Poland
University of Waikato,New Zealand
University of Veterinary Medicine Vienna,Austria
University of Cádiz,Spain
Florida Atlantic University,United States of America
Huazhong Agricultural University,China
Brock University,Canada
University of Lleida,Spain
Shanghai Normal University,China
Jean Monnet University,France
Shimane University,Japan
University of Orléans,France
University of Siegen,Germany
Makerere University,Uganda
"University of Wales, Trinity Saint David",United Kingdom
National Taiwan University of Science and Technology,Taiwan
University of Brasília,Brazil
University of Western Brittany,France
Nanjing Agricultural University,China
National University of Córdoba,Argentina
Federal University of Santa Catarina,Brazil
National Taiwan Ocean University,Taiwan
Gazi University,Turkey
National University of Colombia,Colombia
University of Jaén,Spain
Boğaziçi University,Turkey
Jadavpur University,India
Pukyong National University,South Korea
University of Western Sydney,Australia
Northeastern University (China),China
University of Mannheim,Germany
University of Osnabrück,Germany
Charles Darwin University,Australia
University of Hyderabad,India
Northwest University (China),China
University of Southern Mississippi,United States of America
University of Wrocław,Poland
Carlos III University of Madrid,Spain
Novosibirsk State University,Russia
Nanjing Medical University,China
Nicolaus Copernicus University in Toruń,Poland
Federal University of Santa Maria,Brazil
Chemnitz University of Technology,Germany
Southwest University,China
Wrocław University of Technology,Poland
"University of California, Merced",United States of America
United Arab Emirates University,United Arab Emirates
Federal University of São Carlos,Brazil
University of Thessaly,Greece
University of Basilicata,Italy
Feng Chia University,Taiwan
Federal University of Paraná,Brazil
University of Almería,Spain
Hallym University,South Korea
Fourth Military Medical University,China
University of the Republic (Uruguay),Uruguay
Dokuz Eylül University,Turkey
Nanjing University of Aeronautics and Astronautics,China
Public University of Navarre,Spain
University of A Coruña,Spain
Isfahan University of Technology,Iran
University of New England (Australia),Australia
Federal University of Pernambuco,Brazil
Jiangsu University,China
Third Military Medical University,China
South China Normal University,China
University of Limerick,Ireland
Xiangtan University,China
Yangzhou University,China
Northwestern Polytechnical University,China
University of Reims Champagne-Ardenne,France
Ibaraki University,Japan
Chung Shan Medical University,Taiwan
Alexandria University,Egypt
Yuan Ze University,Taiwan
University of Cyprus,Cyprus
University of Silesia,Poland
Southern Medical University,China
Shiraz University,Iran
University of Bucharest,Romania
Mansoura University,Egypt
Amirkabir University of Technology,Iran
Beijing Jiaotong University,China
University of Valenciennes and Hainaut-Cambresis,France
University of the Algarve,Portugal
"University of Chemistry and Technology, Prague",Czech Republic
Federal University of Ceará,Brazil
Ain Shams University,Egypt
University of Oldenburg,Germany
Federal University of Bahia,Brazil
Hunan Normal University,China
Western Michigan University,United States of America
University of Seoul,South Korea
Federico Santa María Technical University,Chile
Ryerson University,Canada
South China Agricultural University,China
Fu Jen Catholic University,Taiwan
China Pharmaceutical University,China
Tarbiat Modares University,Iran
University of Puerto Rico at Mayagüez,Puerto Rico
National University of Rosario,Argentina
University of Pau and Pays de l'Adour,France
Xidian University,China
Zhejiang University of Technology,China
China Medical University (PRC),China
Federal University of ABC,Brazil
King Juan Carlos University,Spain
Beijing University of Technology,China
Guangxi University,China
Northwest A&F University,China
Shanxi University,China
Tamkang University,Taiwan
Harbin Medical University,China
Zhejiang Normal University,China
King Abdulaziz University,Saudi Arabia
Iran University of Science and Technology,Iran
I-Shou University,Taiwan
University of Maine (Le Mans),France
National Dong Hwa University,Taiwan
National Taipei University of Technology,Taiwan
Shaanxi Normal University,China
National University of Defense Technology,China
Yanbian University,China
University of Montpellier,France
Moscow Institute of Physics and Technology,Russia
University of Bordeaux,France
University of Oklahoma Health Sciences Center,United States of America
Renmin University of China,China
École normale supérieure de Cachan,France
National Research Nuclear University MEPhI,Russia
Jacobs University Bremen,Germany
École centrale de Lyon,France
Hefei University of Technology,China
University of Calcutta,India
China University of Geosciences (Wuhan),China
University of Lethbridge,Canada
Shahid Beheshti University of Medical Sciences,Iran
University of Central Lancashire,United Kingdom
Gachon University,South Korea
Harbin Engineering University,China
Ulsan National Institute of Science and Technology,South Korea
Shenzhen University,China
Tianjin Medical University,China
Babeș-Bolyai University,Romania
Henan Normal University,China
Southwest Jiaotong University,China
